student_id,question,correctAnswer_1,userAnswer_1,right_1,wrong_1,errors_1,correctAnswer_2,userAnswer_2,right_2,wrong_2,errors_2,automaticScore,totalScore,teacherScore
89589,Из Егорьевска в Коломну можно проехать двумя способами. Рассмотри рисунок и ответь на вопрос: на сколько километров один путь короче другого? Запиши решение и ответ.,1) 19 + 20 + 18 = 57 км – длина первого пути2) 48 км – длина второго пути3) 57 – 48 = 9 км на столько первый путь длиннее второго,19+20+18=57 57-48=9,0,0,0,9,9,1,0,0,1,1,-1
164562,Из Егорьевска в Коломну можно проехать двумя способами. Рассмотри рисунок и ответь на вопрос: на сколько километров один путь короче другого? Запиши решение и ответ.,1) 19 + 20 + 18 = 57 км – длина первого пути2) 48 км – длина второго пути3) 57 – 48 = 9 км на столько первый путь длиннее второго,19+20+18=56,0,0,0,9,56,0,1,1,0,0,-1
66987,Из Егорьевска в Коломну можно проехать двумя способами. Рассмотри рисунок и ответь на вопрос: на сколько километров один путь короче другого? Запиши решение и ответ.,1) 19 + 20 + 18 = 57 км – длина первого пути2) 48 км – длина второго пути3) 57 – 48 = 9 км на столько первый путь длиннее второго,"Можно проехать в Коломну двумя способами. Рассчитаем длину каждого из путей: 1-й путь: 48 (км). 2-й путь: 18 + 20 + 19 = 57 (км). Таким образом, 1-й путь короче второго на 57 - 48 = 9 (км). Ответ: 9 км.",0,0,0,9,9,1,0,0,1,1,-1
35780,Из Егорьевска в Коломну можно проехать двумя способами. Рассмотри рисунок и ответь на вопрос: на сколько километров один путь короче другого? Запиши решение и ответ.,1) 19 + 20 + 18 = 57 км – длина первого пути2) 48 км – длина второго пути3) 57 – 48 = 9 км на столько первый путь длиннее второго,1) 19+20+18=57 (км) - первый путь 2) 57-48=9 (км),0,0,0,9,9,1,0,0,1,1,-1
141559,Из Егорьевска в Коломну можно проехать двумя способами. Рассмотри рисунок и ответь на вопрос: на сколько километров один путь короче другого? Запиши решение и ответ.,1) 19 + 20 + 18 = 57 км – длина первого пути2) 48 км – длина второго пути3) 57 – 48 = 9 км на столько первый путь длиннее второго,,,,,9,9,1,0,0,1,1,-1
37806,Из Егорьевска в Коломну можно проехать двумя способами. Рассмотри рисунок и ответь на вопрос: на сколько километров один путь короче другого? Запиши решение и ответ.,1) 19 + 20 + 18 = 57 км – длина первого пути2) 48 км – длина второго пути3) 57 – 48 = 9 км на столько первый путь длиннее второго,"19+20+18=57,км 19+48=67 км 67−57=10,км",0,0,0,9,10,0,1,1,0,0,-1
102967,Из Егорьевска в Коломну можно проехать двумя способами. Рассмотри рисунок и ответь на вопрос: на сколько километров один путь короче другого? Запиши решение и ответ.,1) 19 + 20 + 18 = 57 км – длина первого пути2) 48 км – длина второго пути3) 57 – 48 = 9 км на столько первый путь длиннее второго,18+20+19=57(км) составляет один путь. 57-48=на 9(км) один путь короче другого.,0,0,0,9,9,1,0,0,1,1,-1
51988,Из Егорьевска в Коломну можно проехать двумя способами. Рассмотри рисунок и ответь на вопрос: на сколько километров один путь короче другого? Запиши решение и ответ.,1) 19 + 20 + 18 = 57 км – длина первого пути2) 48 км – длина второго пути3) 57 – 48 = 9 км на столько первый путь длиннее второго,1)18+20+19=57 2)57-48= 9,0,0,0,9,9,1,0,0,1,1,-1
75792,Из Егорьевска в Коломну можно проехать двумя способами. Рассмотри рисунок и ответь на вопрос: на сколько километров один путь короче другого? Запиши решение и ответ.,1) 19 + 20 + 18 = 57 км – длина первого пути2) 48 км – длина второго пути3) 57 – 48 = 9 км на столько первый путь длиннее второго,1)18+20+19=57км−первый путь 2)57−45=9км,0,0,0,9,9,1,0,0,1,1,-1
152461,Из Егорьевска в Коломну можно проехать двумя способами. Рассмотри рисунок и ответь на вопрос: на сколько километров один путь короче другого? Запиши решение и ответ.,1) 19 + 20 + 18 = 57 км – длина первого пути2) 48 км – длина второго пути3) 57 – 48 = 9 км на столько первый путь длиннее второго,,,,,9,,,,,0,0,-1
63116,Из Егорьевска в Коломну можно проехать двумя способами. Рассмотри рисунок и ответь на вопрос: на сколько километров один путь короче другого? Запиши решение и ответ.,1) 19 + 20 + 18 = 57 км – длина первого пути2) 48 км – длина второго пути3) 57 – 48 = 9 км на столько первый путь длиннее второго,18+20+19=57 57-48=9,0,0,0,9,9,1,0,0,1,1,-1
82110,Из Егорьевска в Коломну можно проехать двумя способами. Рассмотри рисунок и ответь на вопрос: на сколько километров один путь короче другого? Запиши решение и ответ.,1) 19 + 20 + 18 = 57 км – длина первого пути2) 48 км – длина второго пути3) 57 – 48 = 9 км на столько первый путь длиннее второго,19+20+18=57 57-48=9,0,0,0,9,9,1,0,0,1,1,-1
9551,Из Егорьевска в Коломну можно проехать двумя способами. Рассмотри рисунок и ответь на вопрос: на сколько километров один путь короче другого? Запиши решение и ответ.,1) 19 + 20 + 18 = 57 км – длина первого пути2) 48 км – длина второго пути3) 57 – 48 = 9 км на столько первый путь длиннее второго,,,,,9,9,1,0,0,1,1,-1
79148,Из Егорьевска в Коломну можно проехать двумя способами. Рассмотри рисунок и ответь на вопрос: на сколько километров один путь короче другого? Запиши решение и ответ.,1) 19 + 20 + 18 = 57 км – длина первого пути2) 48 км – длина второго пути3) 57 – 48 = 9 км на столько первый путь длиннее второго,,,,,9,,0,0,1,0,0,-1
169653,Из Егорьевска в Коломну можно проехать двумя способами. Рассмотри рисунок и ответь на вопрос: на сколько километров один путь короче другого? Запиши решение и ответ.,1) 19 + 20 + 18 = 57 км – длина первого пути2) 48 км – длина второго пути3) 57 – 48 = 9 км на столько первый путь длиннее второго,19+20+18=57(км) 57−48=9(,0,0,0,9,5,0,1,1,0,0,-1
32143,Из Егорьевска в Коломну можно проехать двумя способами. Рассмотри рисунок и ответь на вопрос: на сколько километров один путь короче другого? Запиши решение и ответ.,1) 19 + 20 + 18 = 57 км – длина первого пути2) 48 км – длина второго пути3) 57 – 48 = 9 км на столько первый путь длиннее второго,18 км+20км+19км=57км 57км-48км=9км,0,0,0,9,9,1,0,0,1,1,-1
140708,Из Егорьевска в Коломну можно проехать двумя способами. Рассмотри рисунок и ответь на вопрос: на сколько километров один путь короче другого? Запиши решение и ответ.,1) 19 + 20 + 18 = 57 км – длина первого пути2) 48 км – длина второго пути3) 57 – 48 = 9 км на столько первый путь длиннее второго,19+20+18=57км 57−48=9км,0,0,0,9,9,1,0,0,1,1,-1
67038,Из Егорьевска в Коломну можно проехать двумя способами. Рассмотри рисунок и ответь на вопрос: на сколько километров один путь короче другого? Запиши решение и ответ.,1) 19 + 20 + 18 = 57 км – длина первого пути2) 48 км – длина второго пути3) 57 – 48 = 9 км на столько первый путь длиннее второго,Егорьевск Хорлово расстояние 48 км,0,0,0,9,,,,,0,0,-1
875,Из Егорьевска в Коломну можно проехать двумя способами. Рассмотри рисунок и ответь на вопрос: на сколько километров один путь короче другого? Запиши решение и ответ.,1) 19 + 20 + 18 = 57 км – длина первого пути2) 48 км – длина второго пути3) 57 – 48 = 9 км на столько первый путь длиннее второго,18+20+19=57 57-48=9,0,0,0,9,9,1,0,0,1,1,-1
41518,Из Егорьевска в Коломну можно проехать двумя способами. Рассмотри рисунок и ответь на вопрос: на сколько километров один путь короче другого? Запиши решение и ответ.,1) 19 + 20 + 18 = 57 км – длина первого пути2) 48 км – длина второго пути3) 57 – 48 = 9 км на столько первый путь длиннее второго,,,,,9,,0,0,1,0,0,-1
111446,Из Егорьевска в Коломну можно проехать двумя способами. Рассмотри рисунок и ответь на вопрос: на сколько километров один путь короче другого? Запиши решение и ответ.,1) 19 + 20 + 18 = 57 км – длина первого пути2) 48 км – длина второго пути3) 57 – 48 = 9 км на столько первый путь длиннее второго,,,,,9,9,1,0,0,0,0,-1
66994,Из Егорьевска в Коломну можно проехать двумя способами. Рассмотри рисунок и ответь на вопрос: на сколько километров один путь короче другого? Запиши решение и ответ.,1) 19 + 20 + 18 = 57 км – длина первого пути2) 48 км – длина второго пути3) 57 – 48 = 9 км на столько первый путь длиннее второго,,0,0,0,9,9,1,0,0,1,1,-1
21546,Из Егорьевска в Коломну можно проехать двумя способами. Рассмотри рисунок и ответь на вопрос: на сколько километров один путь короче другого? Запиши решение и ответ.,1) 19 + 20 + 18 = 57 км – длина первого пути2) 48 км – длина второго пути3) 57 – 48 = 9 км на столько первый путь длиннее второго,18+20+19=57км 57-48=9км,0,0,0,9,9,1,0,0,1,1,-1
121617,Из Егорьевска в Коломну можно проехать двумя способами. Рассмотри рисунок и ответь на вопрос: на сколько километров один путь короче другого? Запиши решение и ответ.,1) 19 + 20 + 18 = 57 км – длина первого пути2) 48 км – длина второго пути3) 57 – 48 = 9 км на столько первый путь длиннее второго,48-47=1,0,0,0,9,1,0,1,1,0,0,-1
33068,Из Егорьевска в Коломну можно проехать двумя способами. Рассмотри рисунок и ответь на вопрос: на сколько километров один путь короче другого? Запиши решение и ответ.,1) 19 + 20 + 18 = 57 км – длина первого пути2) 48 км – длина второго пути3) 57 – 48 = 9 км на столько первый путь длиннее второго,,,,,9,9,1,0,0,1,1,-1
95169,Из Егорьевска в Коломну можно проехать двумя способами. Рассмотри рисунок и ответь на вопрос: на сколько километров один путь короче другого? Запиши решение и ответ.,1) 19 + 20 + 18 = 57 км – длина первого пути2) 48 км – длина второго пути3) 57 – 48 = 9 км на столько первый путь длиннее второго,48км 18+20+19=57,0,0,0,9,57,0,1,1,0,0,-1
130794,Из Егорьевска в Коломну можно проехать двумя способами. Рассмотри рисунок и ответь на вопрос: на сколько километров один путь короче другого? Запиши решение и ответ.,1) 19 + 20 + 18 = 57 км – длина первого пути2) 48 км – длина второго пути3) 57 – 48 = 9 км на столько первый путь длиннее второго,1) 20 + 19 + 18 =57 ( км ) - 1 путь 2) 57 - 48 =9 ( км ) - разница,0,0,0,9,9,1,0,0,1,1,-1
83808,Из Егорьевска в Коломну можно проехать двумя способами. Рассмотри рисунок и ответь на вопрос: на сколько километров один путь короче другого? Запиши решение и ответ.,1) 19 + 20 + 18 = 57 км – длина первого пути2) 48 км – длина второго пути3) 57 – 48 = 9 км на столько первый путь длиннее второго,,,,,9,,0,0,1,0,0,-1
111268,Из Егорьевска в Коломну можно проехать двумя способами. Рассмотри рисунок и ответь на вопрос: на сколько километров один путь короче другого? Запиши решение и ответ.,1) 19 + 20 + 18 = 57 км – длина первого пути2) 48 км – длина второго пути3) 57 – 48 = 9 км на столько первый путь длиннее второго,1)19+20+18=57 2)57-48=9,0,0,0,9,9,1,0,0,1,1,-1
68165,Из Егорьевска в Коломну можно проехать двумя способами. Рассмотри рисунок и ответь на вопрос: на сколько километров один путь короче другого? Запиши решение и ответ.,1) 19 + 20 + 18 = 57 км – длина первого пути2) 48 км – длина второго пути3) 57 – 48 = 9 км на столько первый путь длиннее второго,1. 18+20+19=57(км) - 1 путь 2. 57-48=9(км),0,0,0,9,9,1,0,0,1,1,-1
18114,Из Егорьевска в Коломну можно проехать двумя способами. Рассмотри рисунок и ответь на вопрос: на сколько километров один путь короче другого? Запиши решение и ответ.,1) 19 + 20 + 18 = 57 км – длина первого пути2) 48 км – длина второго пути3) 57 – 48 = 9 км на столько первый путь длиннее второго,I 19+20+18=57 57−48=9,0,0,0,9,9,1,0,0,1,1,-1
106473,Из Егорьевска в Коломну можно проехать двумя способами. Рассмотри рисунок и ответь на вопрос: на сколько километров один путь короче другого? Запиши решение и ответ.,1) 19 + 20 + 18 = 57 км – длина первого пути2) 48 км – длина второго пути3) 57 – 48 = 9 км на столько первый путь длиннее второго,1) 18+20+19=57 (км) расстояние от Пески до Хорлово 2) 57-48= 9 (км),0,0,0,9,9,1,0,0,1,1,-1
2216,Из Егорьевска в Коломну можно проехать двумя способами. Рассмотри рисунок и ответь на вопрос: на сколько километров один путь короче другого? Запиши решение и ответ.,1) 19 + 20 + 18 = 57 км – длина первого пути2) 48 км – длина второго пути3) 57 – 48 = 9 км на столько первый путь длиннее второго,(18+20+19)−48=9,0,0,0,9,9,1,0,0,1,1,-1
126349,Из Егорьевска в Коломну можно проехать двумя способами. Рассмотри рисунок и ответь на вопрос: на сколько километров один путь короче другого? Запиши решение и ответ.,1) 19 + 20 + 18 = 57 км – длина первого пути2) 48 км – длина второго пути3) 57 – 48 = 9 км на столько первый путь длиннее второго,18+20+19=57 57−48=9,0,0,0,9,9,1,0,0,1,1,-1
78017,Из Егорьевска в Коломну можно проехать двумя способами. Рассмотри рисунок и ответь на вопрос: на сколько километров один путь короче другого? Запиши решение и ответ.,1) 19 + 20 + 18 = 57 км – длина первого пути2) 48 км – длина второго пути3) 57 – 48 = 9 км на столько первый путь длиннее второго,(19+20+18)−48=9,0,0,0,9,9,1,0,0,1,1,-1
148316,Из Егорьевска в Коломну можно проехать двумя способами. Рассмотри рисунок и ответь на вопрос: на сколько километров один путь короче другого? Запиши решение и ответ.,1) 19 + 20 + 18 = 57 км – длина первого пути2) 48 км – длина второго пути3) 57 – 48 = 9 км на столько первый путь длиннее второго,19+20+18=57,0,0,0,9,57,0,1,1,0,0,-1
21213,Из Егорьевска в Коломну можно проехать двумя способами. Рассмотри рисунок и ответь на вопрос: на сколько километров один путь короче другого? Запиши решение и ответ.,1) 19 + 20 + 18 = 57 км – длина первого пути2) 48 км – длина второго пути3) 57 – 48 = 9 км на столько первый путь длиннее второго,(18+19+20)−48=9 (км),0,0,0,9,9,1,0,0,1,1,-1
58672,Из Егорьевска в Коломну можно проехать двумя способами. Рассмотри рисунок и ответь на вопрос: на сколько километров один путь короче другого? Запиши решение и ответ.,1) 19 + 20 + 18 = 57 км – длина первого пути2) 48 км – длина второго пути3) 57 – 48 = 9 км на столько первый путь длиннее второго,Егор,0,0,0,9,18,0,1,1,0,0,-1
115446,Из Егорьевска в Коломну можно проехать двумя способами. Рассмотри рисунок и ответь на вопрос: на сколько километров один путь короче другого? Запиши решение и ответ.,1) 19 + 20 + 18 = 57 км – длина первого пути2) 48 км – длина второго пути3) 57 – 48 = 9 км на столько первый путь длиннее второго,‌ 1) 19+20+18=57 ‌ 2)57−48=9,0,0,0,9,9,1,0,0,1,1,-1
98979,Из Егорьевска в Коломну можно проехать двумя способами. Рассмотри рисунок и ответь на вопрос: на сколько километров один путь короче другого? Запиши решение и ответ.,1) 19 + 20 + 18 = 57 км – длина первого пути2) 48 км – длина второго пути3) 57 – 48 = 9 км на столько первый путь длиннее второго,18+20+19=57 57−48=9,0,0,0,9,9,1,0,0,1,1,-1
152341,Из Егорьевска в Коломну можно проехать двумя способами. Рассмотри рисунок и ответь на вопрос: на сколько километров один путь короче другого? Запиши решение и ответ.,1) 19 + 20 + 18 = 57 км – длина первого пути2) 48 км – длина второго пути3) 57 – 48 = 9 км на столько первый путь длиннее второго,18+20+19=57 57−48=9,0,0,0,9,9,1,0,0,1,1,-1
138729,Из Егорьевска в Коломну можно проехать двумя способами. Рассмотри рисунок и ответь на вопрос: на сколько километров один путь короче другого? Запиши решение и ответ.,1) 19 + 20 + 18 = 57 км – длина первого пути2) 48 км – длина второго пути3) 57 – 48 = 9 км на столько первый путь длиннее второго,18+20+19=57 57−48=9,0,0,0,9,9,1,0,0,1,1,-1
3123,Из Егорьевска в Коломну можно проехать двумя способами. Рассмотри рисунок и ответь на вопрос: на сколько километров один путь короче другого? Запиши решение и ответ.,1) 19 + 20 + 18 = 57 км – длина первого пути2) 48 км – длина второго пути3) 57 – 48 = 9 км на столько первый путь длиннее второго,57−48=9,0,0,0,9,9,1,0,0,1,1,-1
22907,Из Егорьевска в Коломну можно проехать двумя способами. Рассмотри рисунок и ответь на вопрос: на сколько километров один путь короче другого? Запиши решение и ответ.,1) 19 + 20 + 18 = 57 км – длина первого пути2) 48 км – длина второго пути3) 57 – 48 = 9 км на столько первый путь длиннее второго,(19+20+18)−48=9(км),0,0,0,9,9,1,0,0,1,1,-1
145030,Из Егорьевска в Коломну можно проехать двумя способами. Рассмотри рисунок и ответь на вопрос: на сколько километров один путь короче другого? Запиши решение и ответ.,1) 19 + 20 + 18 = 57 км – длина первого пути2) 48 км – длина второго пути3) 57 – 48 = 9 км на столько первый путь длиннее второго,19+20+18=57 57-48=9,0,0,0,9,9,1,0,0,1,1,-1
19456,Из Егорьевска в Коломну можно проехать двумя способами. Рассмотри рисунок и ответь на вопрос: на сколько километров один путь короче другого? Запиши решение и ответ.,1) 19 + 20 + 18 = 57 км – длина первого пути2) 48 км – длина второго пути3) 57 – 48 = 9 км на столько первый путь длиннее второго,,,,,9,9,1,0,0,1,1,-1
113235,Из Егорьевска в Коломну можно проехать двумя способами. Рассмотри рисунок и ответь на вопрос: на сколько километров один путь короче другого? Запиши решение и ответ.,1) 19 + 20 + 18 = 57 км – длина первого пути2) 48 км – длина второго пути3) 57 – 48 = 9 км на столько первый путь длиннее второго,19+20+18=57 57−48=9,0,0,0,9,9,1,0,0,1,1,-1
71952,Из Егорьевска в Коломну можно проехать двумя способами. Рассмотри рисунок и ответь на вопрос: на сколько километров один путь короче другого? Запиши решение и ответ.,1) 19 + 20 + 18 = 57 км – длина первого пути2) 48 км – длина второго пути3) 57 – 48 = 9 км на столько первый путь длиннее второго,1)18+20+19=57 2)57-48=9,0,0,0,9,9,1,0,0,1,1,-1
108843,Из Егорьевска в Коломну можно проехать двумя способами. Рассмотри рисунок и ответь на вопрос: на сколько километров один путь короче другого? Запиши решение и ответ.,1) 19 + 20 + 18 = 57 км – длина первого пути2) 48 км – длина второго пути3) 57 – 48 = 9 км на столько первый путь длиннее второго,19+20+18=57 57−48=9km,0,0,0,9,9,1,0,0,1,1,-1
86330,Из Егорьевска в Коломну можно проехать двумя способами. Рассмотри рисунок и ответь на вопрос: на сколько километров один путь короче другого? Запиши решение и ответ.,1) 19 + 20 + 18 = 57 км – длина первого пути2) 48 км – длина второго пути3) 57 – 48 = 9 км на столько первый путь длиннее второго,,,,,9,14,0,1,1,0,0,-1
38353,Из Егорьевска в Коломну можно проехать двумя способами. Рассмотри рисунок и ответь на вопрос: на сколько километров один путь короче другого? Запиши решение и ответ.,1) 19 + 20 + 18 = 57 км – длина первого пути2) 48 км – длина второго пути3) 57 – 48 = 9 км на столько первый путь длиннее второго,1) 19+20+18=57 2) 57-48=9,0,0,0,9,9,1,0,0,1,1,1
138878,Из Егорьевска в Коломну можно проехать двумя способами. Рассмотри рисунок и ответь на вопрос: на сколько километров один путь короче другого? Запиши решение и ответ.,1) 19 + 20 + 18 = 57 км – длина первого пути2) 48 км – длина второго пути3) 57 – 48 = 9 км на столько первый путь длиннее второго,,,,,9,9,1,0,0,0,0,-1
84377,Из Егорьевска в Коломну можно проехать двумя способами. Рассмотри рисунок и ответь на вопрос: на сколько километров один путь короче другого? Запиши решение и ответ.,1) 19 + 20 + 18 = 57 км – длина первого пути2) 48 км – длина второго пути3) 57 – 48 = 9 км на столько первый путь длиннее второго,40−20=28(км),0,0,0,9,28,0,1,1,0,0,-1
50213,Из Егорьевска в Коломну можно проехать двумя способами. Рассмотри рисунок и ответь на вопрос: на сколько километров один путь короче другого? Запиши решение и ответ.,1) 19 + 20 + 18 = 57 км – длина первого пути2) 48 км – длина второго пути3) 57 – 48 = 9 км на столько первый путь длиннее второго,57−48=9,0,0,0,9,9,1,0,0,1,1,-1
50030,Из Егорьевска в Коломну можно проехать двумя способами. Рассмотри рисунок и ответь на вопрос: на сколько километров один путь короче другого? Запиши решение и ответ.,1) 19 + 20 + 18 = 57 км – длина первого пути2) 48 км – длина второго пути3) 57 – 48 = 9 км на столько первый путь длиннее второго,1. 19+20+18=57 км 2. 57-48=9 км Ответ: на 9 км короче,0,0,0,9,9,1,0,0,1,1,-1
64941,Из Егорьевска в Коломну можно проехать двумя способами. Рассмотри рисунок и ответь на вопрос: на сколько километров один путь короче другого? Запиши решение и ответ.,1) 19 + 20 + 18 = 57 км – длина первого пути2) 48 км – длина второго пути3) 57 – 48 = 9 км на столько первый путь длиннее второго,19+20+18=57 57-48=9,0,0,0,9,9,1,0,0,1,1,-1
24440,Из Егорьевска в Коломну можно проехать двумя способами. Рассмотри рисунок и ответь на вопрос: на сколько километров один путь короче другого? Запиши решение и ответ.,1) 19 + 20 + 18 = 57 км – длина первого пути2) 48 км – длина второго пути3) 57 – 48 = 9 км на столько первый путь длиннее второго,19+20+18=57 57-48=9,0,0,0,9,9,1,0,0,1,1,1
40152,Из Егорьевска в Коломну можно проехать двумя способами. Рассмотри рисунок и ответь на вопрос: на сколько километров один путь короче другого? Запиши решение и ответ.,1) 19 + 20 + 18 = 57 км – длина первого пути2) 48 км – длина второго пути3) 57 – 48 = 9 км на столько первый путь длиннее второго,1)19+20+18=57 (км) - путь из Егорьевска до Коломны через Хорлово и Пески 48 (км) - путь из Егорьевска ло Коломны напрямую 2) 57-48=9 (км),0,0,0,9,9,1,0,0,1,1,-1
45078,Из Егорьевска в Коломну можно проехать двумя способами. Рассмотри рисунок и ответь на вопрос: на сколько километров один путь короче другого? Запиши решение и ответ.,1) 19 + 20 + 18 = 57 км – длина первого пути2) 48 км – длина второго пути3) 57 – 48 = 9 км на столько первый путь длиннее второго,18+20+19=57(км)-путь 1 57-48=9 (км)-на 9км 2 путь короче 1 Ответ: на 9 км,0,0,0,9,9,1,0,0,1,1,-1
96477,Из Егорьевска в Коломну можно проехать двумя способами. Рассмотри рисунок и ответь на вопрос: на сколько километров один путь короче другого? Запиши решение и ответ.,1) 19 + 20 + 18 = 57 км – длина первого пути2) 48 км – длина второго пути3) 57 – 48 = 9 км на столько первый путь длиннее второго,19+20+18=57 57-48=9,0,0,0,9,9,1,0,0,1,1,-1
72640,Из Егорьевска в Коломну можно проехать двумя способами. Рассмотри рисунок и ответь на вопрос: на сколько километров один путь короче другого? Запиши решение и ответ.,1) 19 + 20 + 18 = 57 км – длина первого пути2) 48 км – длина второго пути3) 57 – 48 = 9 км на столько первый путь длиннее второго,18+20+19= 57 57-48=9,0,0,0,9,9,1,0,0,1,1,-1
31863,Из Егорьевска в Коломну можно проехать двумя способами. Рассмотри рисунок и ответь на вопрос: на сколько километров один путь короче другого? Запиши решение и ответ.,1) 19 + 20 + 18 = 57 км – длина первого пути2) 48 км – длина второго пути3) 57 – 48 = 9 км на столько первый путь длиннее второго,1-0,0,0,0,9,6,0,1,1,0,0,-1
16006,Из Егорьевска в Коломну можно проехать двумя способами. Рассмотри рисунок и ответь на вопрос: на сколько километров один путь короче другого? Запиши решение и ответ.,1) 19 + 20 + 18 = 57 км – длина первого пути2) 48 км – длина второго пути3) 57 – 48 = 9 км на столько первый путь длиннее второго,"Рассчитаем оба пути; 1) 48к 2)19+20+18=57(км) получается,что1−й путь короче второго пути;57−48=9км",0,0,0,9,9,1,0,0,1,2,2
44927,Из Егорьевска в Коломну можно проехать двумя способами. Рассмотри рисунок и ответь на вопрос: на сколько километров один путь короче другого? Запиши решение и ответ.,1) 19 + 20 + 18 = 57 км – длина первого пути2) 48 км – длина второго пути3) 57 – 48 = 9 км на столько первый путь длиннее второго,,,,,9,9,1,0,0,1,1,-1
1165,Из Егорьевска в Коломну можно проехать двумя способами. Рассмотри рисунок и ответь на вопрос: на сколько километров один путь короче другого? Запиши решение и ответ.,1) 19 + 20 + 18 = 57 км – длина первого пути2) 48 км – длина второго пути3) 57 – 48 = 9 км на столько первый путь длиннее второго,,,,,9,9,1,0,0,1,1,-1
85658,Из Егорьевска в Коломну можно проехать двумя способами. Рассмотри рисунок и ответь на вопрос: на сколько километров один путь короче другого? Запиши решение и ответ.,1) 19 + 20 + 18 = 57 км – длина первого пути2) 48 км – длина второго пути3) 57 – 48 = 9 км на столько первый путь длиннее второго,(18+20+19)-48=9,0,0,0,9,9,1,0,0,1,1,-1
48160,Из Егорьевска в Коломну можно проехать двумя способами. Рассмотри рисунок и ответь на вопрос: на сколько километров один путь короче другого? Запиши решение и ответ.,1) 19 + 20 + 18 = 57 км – длина первого пути2) 48 км – длина второго пути3) 57 – 48 = 9 км на столько первый путь длиннее второго,1.18+20+19=57 КМ - 1 ПУТЬ 2.57-48=9 КМ - 1 ПУТЬ БОЛЬШЕ,0,0,0,9,9,1,0,0,1,1,-1
67170,Из Егорьевска в Коломну можно проехать двумя способами. Рассмотри рисунок и ответь на вопрос: на сколько километров один путь короче другого? Запиши решение и ответ.,1) 19 + 20 + 18 = 57 км – длина первого пути2) 48 км – длина второго пути3) 57 – 48 = 9 км на столько первый путь длиннее второго,1)19+20+18=57 2)57−48=9,0,0,0,9,9,1,0,0,1,1,-1
105431,Из Егорьевска в Коломну можно проехать двумя способами. Рассмотри рисунок и ответь на вопрос: на сколько километров один путь короче другого? Запиши решение и ответ.,1) 19 + 20 + 18 = 57 км – длина первого пути2) 48 км – длина второго пути3) 57 – 48 = 9 км на столько первый путь длиннее второго,19+20+18=57км 57-48=9км,0,0,0,9,9,1,0,0,1,1,-1
36480,Из Егорьевска в Коломну можно проехать двумя способами. Рассмотри рисунок и ответь на вопрос: на сколько километров один путь короче другого? Запиши решение и ответ.,1) 19 + 20 + 18 = 57 км – длина первого пути2) 48 км – длина второго пути3) 57 – 48 = 9 км на столько первый путь длиннее второго,1)20+19+18=47 2)48−47=1,0,0,0,9,1,0,1,1,0,0,-1
122888,Из Егорьевска в Коломну можно проехать двумя способами. Рассмотри рисунок и ответь на вопрос: на сколько километров один путь короче другого? Запиши решение и ответ.,1) 19 + 20 + 18 = 57 км – длина первого пути2) 48 км – длина второго пути3) 57 – 48 = 9 км на столько первый путь длиннее второго,18+20+19=57 57-48=9,0,0,0,9,9,1,0,0,1,1,-1
15352,Из Егорьевска в Коломну можно проехать двумя способами. Рассмотри рисунок и ответь на вопрос: на сколько километров один путь короче другого? Запиши решение и ответ.,1) 19 + 20 + 18 = 57 км – длина первого пути2) 48 км – длина второго пути3) 57 – 48 = 9 км на столько первый путь длиннее второго,19+20=39(км),0,0,0,9,39,0,1,1,0,0,-1
190911,Из Егорьевска в Коломну можно проехать двумя способами. Рассмотри рисунок и ответь на вопрос: на сколько километров один путь короче другого? Запиши решение и ответ.,1) 19 + 20 + 18 = 57 км – длина первого пути2) 48 км – длина второго пути3) 57 – 48 = 9 км на столько первый путь длиннее второго,1)19+20+18=57 2)57-48=9,0,0,0,9,9,1,0,0,1,1,-1
87959,Из Егорьевска в Коломну можно проехать двумя способами. Рассмотри рисунок и ответь на вопрос: на сколько километров один путь короче другого? Запиши решение и ответ.,1) 19 + 20 + 18 = 57 км – длина первого пути2) 48 км – длина второго пути3) 57 – 48 = 9 км на столько первый путь длиннее второго,,,,,9,9,1,0,0,0,0,-1
123753,Из Егорьевска в Коломну можно проехать двумя способами. Рассмотри рисунок и ответь на вопрос: на сколько километров один путь короче другого? Запиши решение и ответ.,1) 19 + 20 + 18 = 57 км – длина первого пути2) 48 км – длина второго пути3) 57 – 48 = 9 км на столько первый путь длиннее второго,18+20+19=57 57-48=9,0,0,0,9,9,1,0,0,1,1,-1
39276,Из Егорьевска в Коломну можно проехать двумя способами. Рассмотри рисунок и ответь на вопрос: на сколько километров один путь короче другого? Запиши решение и ответ.,1) 19 + 20 + 18 = 57 км – длина первого пути2) 48 км – длина второго пути3) 57 – 48 = 9 км на столько первый путь длиннее второго,18+20+19=57 57-48=9,0,0,0,9,9,1,0,0,1,1,-1
104734,Из Егорьевска в Коломну можно проехать двумя способами. Рассмотри рисунок и ответь на вопрос: на сколько километров один путь короче другого? Запиши решение и ответ.,1) 19 + 20 + 18 = 57 км – длина первого пути2) 48 км – длина второго пути3) 57 – 48 = 9 км на столько первый путь длиннее второго,(18+20+19)-48= 9,0,0,0,9,9,1,0,0,1,1,-1
117120,Из Егорьевска в Коломну можно проехать двумя способами. Рассмотри рисунок и ответь на вопрос: на сколько километров один путь короче другого? Запиши решение и ответ.,1) 19 + 20 + 18 = 57 км – длина первого пути2) 48 км – длина второго пути3) 57 – 48 = 9 км на столько первый путь длиннее второго,19+20+18=57 57-48=9,0,0,0,9,9,1,0,0,1,1,-1
45076,Из Егорьевска в Коломну можно проехать двумя способами. Рассмотри рисунок и ответь на вопрос: на сколько километров один путь короче другого? Запиши решение и ответ.,1) 19 + 20 + 18 = 57 км – длина первого пути2) 48 км – длина второго пути3) 57 – 48 = 9 км на столько первый путь длиннее второго,,,,,9,9,1,0,0,1,2,2
27817,Из Егорьевска в Коломну можно проехать двумя способами. Рассмотри рисунок и ответь на вопрос: на сколько километров один путь короче другого? Запиши решение и ответ.,1) 19 + 20 + 18 = 57 км – длина первого пути2) 48 км – длина второго пути3) 57 – 48 = 9 км на столько первый путь длиннее второго,,,,,9,,0,0,1,0,0,-1
57600,Из Егорьевска в Коломну можно проехать двумя способами. Рассмотри рисунок и ответь на вопрос: на сколько километров один путь короче другого? Запиши решение и ответ.,1) 19 + 20 + 18 = 57 км – длина первого пути2) 48 км – длина второго пути3) 57 – 48 = 9 км на столько первый путь длиннее второго,57-48,0,0,0,9,9,1,0,0,1,1,-1
151134,Из Егорьевска в Коломну можно проехать двумя способами. Рассмотри рисунок и ответь на вопрос: на сколько километров один путь короче другого? Запиши решение и ответ.,1) 19 + 20 + 18 = 57 км – длина первого пути2) 48 км – длина второго пути3) 57 – 48 = 9 км на столько первый путь длиннее второго,1) (20+19+18)−48=9,0,0,0,9,9,1,0,0,1,1,-1
168124,Из Егорьевска в Коломну можно проехать двумя способами. Рассмотри рисунок и ответь на вопрос: на сколько километров один путь короче другого? Запиши решение и ответ.,1) 19 + 20 + 18 = 57 км – длина первого пути2) 48 км – длина второго пути3) 57 – 48 = 9 км на столько первый путь длиннее второго,18+20+19=57 57−48=9,0,0,0,9,9,1,0,0,1,1,-1
100416,Из Егорьевска в Коломну можно проехать двумя способами. Рассмотри рисунок и ответь на вопрос: на сколько километров один путь короче другого? Запиши решение и ответ.,1) 19 + 20 + 18 = 57 км – длина первого пути2) 48 км – длина второго пути3) 57 – 48 = 9 км на столько первый путь длиннее второго,1)20+19+48=87(км)−второй путь 2)87−48=39(км)−меньше путь,0,0,0,9,39,0,1,1,0,0,-1
14028,Из Егорьевска в Коломну можно проехать двумя способами. Рассмотри рисунок и ответь на вопрос: на сколько километров один путь короче другого? Запиши решение и ответ.,1) 19 + 20 + 18 = 57 км – длина первого пути2) 48 км – длина второго пути3) 57 – 48 = 9 км на столько первый путь длиннее второго,19±20±18=57 57±48=9,0,0,0,9,9,1,0,0,1,1,-1
36328,Из Егорьевска в Коломну можно проехать двумя способами. Рассмотри рисунок и ответь на вопрос: на сколько километров один путь короче другого? Запиши решение и ответ.,1) 19 + 20 + 18 = 57 км – длина первого пути2) 48 км – длина второго пути3) 57 – 48 = 9 км на столько первый путь длиннее второго,,,,,9,11,0,1,1,0,0,-1
62597,Из Егорьевска в Коломну можно проехать двумя способами. Рассмотри рисунок и ответь на вопрос: на сколько километров один путь короче другого? Запиши решение и ответ.,1) 19 + 20 + 18 = 57 км – длина первого пути2) 48 км – длина второго пути3) 57 – 48 = 9 км на столько первый путь длиннее второго,1)20+18+19=57(км.)-первый путь 2)57-48=на 9 (км.)-короче,0,0,0,9,9,1,0,0,1,1,-1
71705,Из Егорьевска в Коломну можно проехать двумя способами. Рассмотри рисунок и ответь на вопрос: на сколько километров один путь короче другого? Запиши решение и ответ.,1) 19 + 20 + 18 = 57 км – длина первого пути2) 48 км – длина второго пути3) 57 – 48 = 9 км на столько первый путь длиннее второго,1) 18+20+19=57(км) 2)57-48=9 (км),0,0,0,9,9,1,0,0,1,1,-1
48614,Из Егорьевска в Коломну можно проехать двумя способами. Рассмотри рисунок и ответь на вопрос: на сколько километров один путь короче другого? Запиши решение и ответ.,1) 19 + 20 + 18 = 57 км – длина первого пути2) 48 км – длина второго пути3) 57 – 48 = 9 км на столько первый путь длиннее второго,19+20+18=57(км)−1 путь 57−48=9(км),0,0,0,9,9,1,0,0,1,1,-1
18492,Из Егорьевска в Коломну можно проехать двумя способами. Рассмотри рисунок и ответь на вопрос: на сколько километров один путь короче другого? Запиши решение и ответ.,1) 19 + 20 + 18 = 57 км – длина первого пути2) 48 км – длина второго пути3) 57 – 48 = 9 км на столько первый путь длиннее второго,25+15=40 14+15=29 40-29=11,0,0,0,9,11,0,1,1,0,0,-1
11054,Из Егорьевска в Коломну можно проехать двумя способами. Рассмотри рисунок и ответь на вопрос: на сколько километров один путь короче другого? Запиши решение и ответ.,1) 19 + 20 + 18 = 57 км – длина первого пути2) 48 км – длина второго пути3) 57 – 48 = 9 км на столько первый путь длиннее второго,19+20+18=57(км) первый путь 57-48=9(км) 2 путь короче,0,0,0,9,9,1,0,0,1,1,-1
108963,Из Егорьевска в Коломну можно проехать двумя способами. Рассмотри рисунок и ответь на вопрос: на сколько километров один путь короче другого? Запиши решение и ответ.,1) 19 + 20 + 18 = 57 км – длина первого пути2) 48 км – длина второго пути3) 57 – 48 = 9 км на столько первый путь длиннее второго,,,,,9,9,1,0,0,1,1,-1
61148,Из Егорьевска в Коломну можно проехать двумя способами. Рассмотри рисунок и ответь на вопрос: на сколько километров один путь короче другого? Запиши решение и ответ.,1) 19 + 20 + 18 = 57 км – длина первого пути2) 48 км – длина второго пути3) 57 – 48 = 9 км на столько первый путь длиннее второго,"19+20+18=57 , 57-48=9",0,0,0,9,9,1,0,0,1,1,-1
139935,Из Егорьевска в Коломну можно проехать двумя способами. Рассмотри рисунок и ответь на вопрос: на сколько километров один путь короче другого? Запиши решение и ответ.,1) 19 + 20 + 18 = 57 км – длина первого пути2) 48 км – длина второго пути3) 57 – 48 = 9 км на столько первый путь длиннее второго,19+20+18=57 57−48=9,0,0,0,9,9,1,0,0,1,1,-1
161051,Из Егорьевска в Коломну можно проехать двумя способами. Рассмотри рисунок и ответь на вопрос: на сколько километров один путь короче другого? Запиши решение и ответ.,1) 19 + 20 + 18 = 57 км – длина первого пути2) 48 км – длина второго пути3) 57 – 48 = 9 км на столько первый путь длиннее второго,,,,,9,9,1,0,0,1,1,-1
135703,Из Егорьевска в Коломну можно проехать двумя способами. Рассмотри рисунок и ответь на вопрос: на сколько километров один путь короче другого? Запиши решение и ответ.,1) 19 + 20 + 18 = 57 км – длина первого пути2) 48 км – длина второго пути3) 57 – 48 = 9 км на столько первый путь длиннее второго,,,,,9,9,1,0,0,0,0,-1
178321,Из Егорьевска в Коломну можно проехать двумя способами. Рассмотри рисунок и ответь на вопрос: на сколько километров один путь короче другого? Запиши решение и ответ.,1) 19 + 20 + 18 = 57 км – длина первого пути2) 48 км – длина второго пути3) 57 – 48 = 9 км на столько первый путь длиннее второго,57-18-20-19=9,0,0,0,9,9,1,0,0,1,1,-1
146274,Из Егорьевска в Коломну можно проехать двумя способами. Рассмотри рисунок и ответь на вопрос: на сколько километров один путь короче другого? Запиши решение и ответ.,1) 19 + 20 + 18 = 57 км – длина первого пути2) 48 км – длина второго пути3) 57 – 48 = 9 км на столько первый путь длиннее второго,(18+20+19)-48,0,0,0,9,9,1,0,0,1,1,-1
105922,Из Егорьевска в Коломну можно проехать двумя способами. Рассмотри рисунок и ответь на вопрос: на сколько километров один путь короче другого? Запиши решение и ответ.,1) 19 + 20 + 18 = 57 км – длина первого пути2) 48 км – длина второго пути3) 57 – 48 = 9 км на столько первый путь длиннее второго,18+20+19=57 57-48=9,0,0,0,9,9,1,0,0,1,1,-1
104103,Из Егорьевска в Коломну можно проехать двумя способами. Рассмотри рисунок и ответь на вопрос: на сколько километров один путь короче другого? Запиши решение и ответ.,1) 19 + 20 + 18 = 57 км – длина первого пути2) 48 км – длина второго пути3) 57 – 48 = 9 км на столько первый путь длиннее второго,1). 19+20+18=57(км)- 1-ый путь. 2). 57-48=9(км),0,0,0,9,9,1,0,0,1,1,-1
59245,Из Егорьевска в Коломну можно проехать двумя способами. Рассмотри рисунок и ответь на вопрос: на сколько километров один путь короче другого? Запиши решение и ответ.,1) 19 + 20 + 18 = 57 км – длина первого пути2) 48 км – длина второго пути3) 57 – 48 = 9 км на столько первый путь длиннее второго,едь туда потом сюда и заедешь,0,0,0,9,2,0,1,1,0,1,1
65320,Из Егорьевска в Коломну можно проехать двумя способами. Рассмотри рисунок и ответь на вопрос: на сколько километров один путь короче другого? Запиши решение и ответ.,1) 19 + 20 + 18 = 57 км – длина первого пути2) 48 км – длина второго пути3) 57 – 48 = 9 км на столько первый путь длиннее второго,,,,,9,,0,0,1,0,0,-1
136588,Из Егорьевска в Коломну можно проехать двумя способами. Рассмотри рисунок и ответь на вопрос: на сколько километров один путь короче другого? Запиши решение и ответ.,1) 19 + 20 + 18 = 57 км – длина первого пути2) 48 км – длина второго пути3) 57 – 48 = 9 км на столько первый путь длиннее второго,,,,,9,9,1,0,0,1,1,-1
43494,Из Егорьевска в Коломну можно проехать двумя способами. Рассмотри рисунок и ответь на вопрос: на сколько километров один путь короче другого? Запиши решение и ответ.,1) 19 + 20 + 18 = 57 км – длина первого пути2) 48 км – длина второго пути3) 57 – 48 = 9 км на столько первый путь длиннее второго,,,,,9,,0,0,1,0,0,-1
37324,Из Егорьевска в Коломну можно проехать двумя способами. Рассмотри рисунок и ответь на вопрос: на сколько километров один путь короче другого? Запиши решение и ответ.,1) 19 + 20 + 18 = 57 км – длина первого пути2) 48 км – длина второго пути3) 57 – 48 = 9 км на столько первый путь длиннее второго,,,,,9,,0,0,1,0,0,0
27783,Из Егорьевска в Коломну можно проехать двумя способами. Рассмотри рисунок и ответь на вопрос: на сколько километров один путь короче другого? Запиши решение и ответ.,1) 19 + 20 + 18 = 57 км – длина первого пути2) 48 км – длина второго пути3) 57 – 48 = 9 км на столько первый путь длиннее второго,(18+20+19)−48=9,0,0,0,9,9,1,0,0,1,1,-1
110826,Из Егорьевска в Коломну можно проехать двумя способами. Рассмотри рисунок и ответь на вопрос: на сколько километров один путь короче другого? Запиши решение и ответ.,1) 19 + 20 + 18 = 57 км – длина первого пути2) 48 км – длина второго пути3) 57 – 48 = 9 км на столько первый путь длиннее второго,18+20+19=57 (км)-2 способ 57-48=9 (км)-разница,0,0,0,9,9,1,0,0,1,1,-1
53313,Из Егорьевска в Коломну можно проехать двумя способами. Рассмотри рисунок и ответь на вопрос: на сколько километров один путь короче другого? Запиши решение и ответ.,1) 19 + 20 + 18 = 57 км – длина первого пути2) 48 км – длина второго пути3) 57 – 48 = 9 км на столько первый путь длиннее второго,,,,,9,9,1,0,0,1,1,-1
96681,Из Егорьевска в Коломну можно проехать двумя способами. Рассмотри рисунок и ответь на вопрос: на сколько километров один путь короче другого? Запиши решение и ответ.,1) 19 + 20 + 18 = 57 км – длина первого пути2) 48 км – длина второго пути3) 57 – 48 = 9 км на столько первый путь длиннее второго,1) 18+20+19=57 2) 57-48=9,0,0,0,9,9,1,0,0,1,1,-1
65611,Из Егорьевска в Коломну можно проехать двумя способами. Рассмотри рисунок и ответь на вопрос: на сколько километров один путь короче другого? Запиши решение и ответ.,1) 19 + 20 + 18 = 57 км – длина первого пути2) 48 км – длина второго пути3) 57 – 48 = 9 км на столько первый путь длиннее второго,19+20+18=57 57-48=9,0,0,0,9,9,1,0,0,1,1,-1
78523,Из Егорьевска в Коломну можно проехать двумя способами. Рассмотри рисунок и ответь на вопрос: на сколько километров один путь короче другого? Запиши решение и ответ.,1) 19 + 20 + 18 = 57 км – длина первого пути2) 48 км – длина второго пути3) 57 – 48 = 9 км на столько первый путь длиннее второго,18+20+19-48=9,0,0,0,9,9,1,0,0,1,1,-1
85935,Из Егорьевска в Коломну можно проехать двумя способами. Рассмотри рисунок и ответь на вопрос: на сколько километров один путь короче другого? Запиши решение и ответ.,1) 19 + 20 + 18 = 57 км – длина первого пути2) 48 км – длина второго пути3) 57 – 48 = 9 км на столько первый путь длиннее второго,18+20+19=57 1 путь 57-48=на 9 киллометров больше,0,0,0,9,,,,,0,0,-1
42028,Из Егорьевска в Коломну можно проехать двумя способами. Рассмотри рисунок и ответь на вопрос: на сколько километров один путь короче другого? Запиши решение и ответ.,1) 19 + 20 + 18 = 57 км – длина первого пути2) 48 км – длина второго пути3) 57 – 48 = 9 км на столько первый путь длиннее второго,(18+19+20)−48=9,0,0,0,9,9,1,0,0,1,1,-1
80865,Из Егорьевска в Коломну можно проехать двумя способами. Рассмотри рисунок и ответь на вопрос: на сколько километров один путь короче другого? Запиши решение и ответ.,1) 19 + 20 + 18 = 57 км – длина первого пути2) 48 км – длина второго пути3) 57 – 48 = 9 км на столько первый путь длиннее второго,,,,,9,,0,0,1,0,0,-1
104662,Из Егорьевска в Коломну можно проехать двумя способами. Рассмотри рисунок и ответь на вопрос: на сколько километров один путь короче другого? Запиши решение и ответ.,1) 19 + 20 + 18 = 57 км – длина первого пути2) 48 км – длина второго пути3) 57 – 48 = 9 км на столько первый путь длиннее второго,,,,,9,9,1,0,0,1,1,-1
18226,Из Егорьевска в Коломну можно проехать двумя способами. Рассмотри рисунок и ответь на вопрос: на сколько километров один путь короче другого? Запиши решение и ответ.,1) 19 + 20 + 18 = 57 км – длина первого пути2) 48 км – длина второго пути3) 57 – 48 = 9 км на столько первый путь длиннее второго,1) 20+19+18=57(км)-1 путь 2)57-48=9(км)- всего,0,0,0,9,9,1,0,0,1,2,2
127460,Из Егорьевска в Коломну можно проехать двумя способами. Рассмотри рисунок и ответь на вопрос: на сколько километров один путь короче другого? Запиши решение и ответ.,1) 19 + 20 + 18 = 57 км – длина первого пути2) 48 км – длина второго пути3) 57 – 48 = 9 км на столько первый путь длиннее второго,19+20+18=57(км) первый способ. 57−48=9(км) один путь короче другого.,0,0,0,9,9,1,0,0,1,1,-1
9624,Из Егорьевска в Коломну можно проехать двумя способами. Рассмотри рисунок и ответь на вопрос: на сколько километров один путь короче другого? Запиши решение и ответ.,1) 19 + 20 + 18 = 57 км – длина первого пути2) 48 км – длина второго пути3) 57 – 48 = 9 км на столько первый путь длиннее второго,(18+20+19)−48=9,0,0,0,9,9,1,0,0,1,1,-1
68560,Из Егорьевска в Коломну можно проехать двумя способами. Рассмотри рисунок и ответь на вопрос: на сколько километров один путь короче другого? Запиши решение и ответ.,1) 19 + 20 + 18 = 57 км – длина первого пути2) 48 км – длина второго пути3) 57 – 48 = 9 км на столько первый путь длиннее второго,1.18+20+19=57(км)- 1путь. 2.57-48=9 (км),0,0,0,9,9,1,0,0,1,1,-1
4686,Из Егорьевска в Коломну можно проехать двумя способами. Рассмотри рисунок и ответь на вопрос: на сколько километров один путь короче другого? Запиши решение и ответ.,1) 19 + 20 + 18 = 57 км – длина первого пути2) 48 км – длина второго пути3) 57 – 48 = 9 км на столько первый путь длиннее второго,,,,,9,,0,0,1,0,0,-1
195231,Из Егорьевска в Коломну можно проехать двумя способами. Рассмотри рисунок и ответь на вопрос: на сколько километров один путь короче другого? Запиши решение и ответ.,1) 19 + 20 + 18 = 57 км – длина первого пути2) 48 км – длина второго пути3) 57 – 48 = 9 км на столько первый путь длиннее второго,19+20+18=57км 57−48=9км,0,0,0,9,9,1,0,0,1,1,-1
128370,Из Егорьевска в Коломну можно проехать двумя способами. Рассмотри рисунок и ответь на вопрос: на сколько километров один путь короче другого? Запиши решение и ответ.,1) 19 + 20 + 18 = 57 км – длина первого пути2) 48 км – длина второго пути3) 57 – 48 = 9 км на столько первый путь длиннее второго,19+20=39 39+18=57 57−48=9,0,0,0,9,9,1,0,0,1,1,-1
140117,Из Егорьевска в Коломну можно проехать двумя способами. Рассмотри рисунок и ответь на вопрос: на сколько километров один путь короче другого? Запиши решение и ответ.,1) 19 + 20 + 18 = 57 км – длина первого пути2) 48 км – длина второго пути3) 57 – 48 = 9 км на столько первый путь длиннее второго,57-48=3,0,0,0,9,3,0,1,1,0,0,-1
52481,Из Егорьевска в Коломну можно проехать двумя способами. Рассмотри рисунок и ответь на вопрос: на сколько километров один путь короче другого? Запиши решение и ответ.,1) 19 + 20 + 18 = 57 км – длина первого пути2) 48 км – длина второго пути3) 57 – 48 = 9 км на столько первый путь длиннее второго,,,,,9,,0,0,1,0,0,0
65949,Из Егорьевска в Коломну можно проехать двумя способами. Рассмотри рисунок и ответь на вопрос: на сколько километров один путь короче другого? Запиши решение и ответ.,1) 19 + 20 + 18 = 57 км – длина первого пути2) 48 км – длина второго пути3) 57 – 48 = 9 км на столько первый путь длиннее второго,1)19+20+18=57(км) - 2 способ; 2)57-48=9(км) - разница.,0,0,0,9,9,1,0,0,1,1,-1
111740,Из Егорьевска в Коломну можно проехать двумя способами. Рассмотри рисунок и ответь на вопрос: на сколько километров один путь короче другого? Запиши решение и ответ.,1) 19 + 20 + 18 = 57 км – длина первого пути2) 48 км – длина второго пути3) 57 – 48 = 9 км на столько первый путь длиннее второго,1)19+20+18=57км 2) 19+48=67км 3) 67-57=10км,0,0,0,9,10,0,1,1,0,0,-1
80966,Из Егорьевска в Коломну можно проехать двумя способами. Рассмотри рисунок и ответь на вопрос: на сколько километров один путь короче другого? Запиши решение и ответ.,1) 19 + 20 + 18 = 57 км – длина первого пути2) 48 км – длина второго пути3) 57 – 48 = 9 км на столько первый путь длиннее второго,дорога через хорлова длинее на 9 км чем по другой дороге 1)18+20+19=57(км) 2)57−48=9(км),0,0,0,9,9,1,0,0,1,1,-1
178764,Из Егорьевска в Коломну можно проехать двумя способами. Рассмотри рисунок и ответь на вопрос: на сколько километров один путь короче другого? Запиши решение и ответ.,1) 19 + 20 + 18 = 57 км – длина первого пути2) 48 км – длина второго пути3) 57 – 48 = 9 км на столько первый путь длиннее второго,19+20+18=57 57-48=9,0,0,0,9,9,1,0,0,1,1,-1
15919,Из Егорьевска в Коломну можно проехать двумя способами. Рассмотри рисунок и ответь на вопрос: на сколько километров один путь короче другого? Запиши решение и ответ.,1) 19 + 20 + 18 = 57 км – длина первого пути2) 48 км – длина второго пути3) 57 – 48 = 9 км на столько первый путь длиннее второго,,,,,9,9,1,0,0,1,1,-1
72331,Из Егорьевска в Коломну можно проехать двумя способами. Рассмотри рисунок и ответь на вопрос: на сколько километров один путь короче другого? Запиши решение и ответ.,1) 19 + 20 + 18 = 57 км – длина первого пути2) 48 км – длина второго пути3) 57 – 48 = 9 км на столько первый путь длиннее второго,1) 18+20+19=57 2) 57-48=9,0,0,0,9,9,1,0,0,1,1,-1
13821,Из Егорьевска в Коломну можно проехать двумя способами. Рассмотри рисунок и ответь на вопрос: на сколько километров один путь короче другого? Запиши решение и ответ.,1) 19 + 20 + 18 = 57 км – длина первого пути2) 48 км – длина второго пути3) 57 – 48 = 9 км на столько первый путь длиннее второго,19+20+18=57км 57−48=9км,0,0,0,9,9,1,0,0,1,1,-1
135678,Из Егорьевска в Коломну можно проехать двумя способами. Рассмотри рисунок и ответь на вопрос: на сколько километров один путь короче другого? Запиши решение и ответ.,1) 19 + 20 + 18 = 57 км – длина первого пути2) 48 км – длина второго пути3) 57 – 48 = 9 км на столько первый путь длиннее второго,57-48=9км,0,0,0,9,9,1,0,0,1,1,-1
155261,Из Егорьевска в Коломну можно проехать двумя способами. Рассмотри рисунок и ответь на вопрос: на сколько километров один путь короче другого? Запиши решение и ответ.,1) 19 + 20 + 18 = 57 км – длина первого пути2) 48 км – длина второго пути3) 57 – 48 = 9 км на столько первый путь длиннее второго,20+19+18-48=9,0,0,0,9,9,1,0,0,1,1,-1
13359,Из Егорьевска в Коломну можно проехать двумя способами. Рассмотри рисунок и ответь на вопрос: на сколько километров один путь короче другого? Запиши решение и ответ.,1) 19 + 20 + 18 = 57 км – длина первого пути2) 48 км – длина второго пути3) 57 – 48 = 9 км на столько первый путь длиннее второго,18+20=38(км) 38+19=57(км),0,0,0,9,57,0,1,1,0,0,-1
163375,Из Егорьевска в Коломну можно проехать двумя способами. Рассмотри рисунок и ответь на вопрос: на сколько километров один путь короче другого? Запиши решение и ответ.,1) 19 + 20 + 18 = 57 км – длина первого пути2) 48 км – длина второго пути3) 57 – 48 = 9 км на столько первый путь длиннее второго,,,,,9,9,1,0,0,1,1,-1
75189,Из Егорьевска в Коломну можно проехать двумя способами. Рассмотри рисунок и ответь на вопрос: на сколько километров один путь короче другого? Запиши решение и ответ.,1) 19 + 20 + 18 = 57 км – длина первого пути2) 48 км – длина второго пути3) 57 – 48 = 9 км на столько первый путь длиннее второго,18 +20+19=57 57−48=9,0,0,0,9,9,1,0,0,1,1,-1
142106,Из Егорьевска в Коломну можно проехать двумя способами. Рассмотри рисунок и ответь на вопрос: на сколько километров один путь короче другого? Запиши решение и ответ.,1) 19 + 20 + 18 = 57 км – длина первого пути2) 48 км – длина второго пути3) 57 – 48 = 9 км на столько первый путь длиннее второго,,,,,9,,0,0,1,0,0,-1
127171,Из Егорьевска в Коломну можно проехать двумя способами. Рассмотри рисунок и ответь на вопрос: на сколько километров один путь короче другого? Запиши решение и ответ.,1) 19 + 20 + 18 = 57 км – длина первого пути2) 48 км – длина второго пути3) 57 – 48 = 9 км на столько первый путь длиннее второго,18+20+19-48=9(км),0,0,0,9,9,1,0,0,1,1,-1
55213,Из Егорьевска в Коломну можно проехать двумя способами. Рассмотри рисунок и ответь на вопрос: на сколько километров один путь короче другого? Запиши решение и ответ.,1) 19 + 20 + 18 = 57 км – длина первого пути2) 48 км – длина второго пути3) 57 – 48 = 9 км на столько первый путь длиннее второго,19+20+18-48=9,0,0,0,9,9,1,0,0,1,1,-1
475,Из Егорьевска в Коломну можно проехать двумя способами. Рассмотри рисунок и ответь на вопрос: на сколько километров один путь короче другого? Запиши решение и ответ.,1) 19 + 20 + 18 = 57 км – длина первого пути2) 48 км – длина второго пути3) 57 – 48 = 9 км на столько первый путь длиннее второго,,,,,9,,0,0,1,0,0,-1
85769,Из Егорьевска в Коломну можно проехать двумя способами. Рассмотри рисунок и ответь на вопрос: на сколько километров один путь короче другого? Запиши решение и ответ.,1) 19 + 20 + 18 = 57 км – длина первого пути2) 48 км – длина второго пути3) 57 – 48 = 9 км на столько первый путь длиннее второго,1)(19+20+18)-48=9(км),0,0,0,9,9,1,0,0,1,2,2
60235,Из Егорьевска в Коломну можно проехать двумя способами. Рассмотри рисунок и ответь на вопрос: на сколько километров один путь короче другого? Запиши решение и ответ.,1) 19 + 20 + 18 = 57 км – длина первого пути2) 48 км – длина второго пути3) 57 – 48 = 9 км на столько первый путь длиннее второго,18+20+19=57 57-48=9,0,0,0,9,9,1,0,0,1,2,2
44932,Из Егорьевска в Коломну можно проехать двумя способами. Рассмотри рисунок и ответь на вопрос: на сколько километров один путь короче другого? Запиши решение и ответ.,1) 19 + 20 + 18 = 57 км – длина первого пути2) 48 км – длина второго пути3) 57 – 48 = 9 км на столько первый путь длиннее второго,1) 19 + 20 + 18 = 57 км – длина первого пути 2) 48 км – длина второго пути 3) 57 – 48 = 9 км на столько первый путь длиннее второго,0,0,0,9,9,1,0,0,1,2,2
83258,Из Егорьевска в Коломну можно проехать двумя способами. Рассмотри рисунок и ответь на вопрос: на сколько километров один путь короче другого? Запиши решение и ответ.,1) 19 + 20 + 18 = 57 км – длина первого пути2) 48 км – длина второго пути3) 57 – 48 = 9 км на столько первый путь длиннее второго,1)18+20+19=57 2)57-48=9,0,0,0,9,9,1,0,0,1,1,-1
172265,Из Егорьевска в Коломну можно проехать двумя способами. Рассмотри рисунок и ответь на вопрос: на сколько километров один путь короче другого? Запиши решение и ответ.,1) 19 + 20 + 18 = 57 км – длина первого пути2) 48 км – длина второго пути3) 57 – 48 = 9 км на столько первый путь длиннее второго,(1) (19+20)+18=57,0,0,0,9,57,0,1,1,0,0,-1
169498,Из Егорьевска в Коломну можно проехать двумя способами. Рассмотри рисунок и ответь на вопрос: на сколько километров один путь короче другого? Запиши решение и ответ.,1) 19 + 20 + 18 = 57 км – длина первого пути2) 48 км – длина второго пути3) 57 – 48 = 9 км на столько первый путь длиннее второго,19+20+18=57[км] 57-48=9[км],0,0,0,9,9,1,0,0,1,1,-1
68198,Из Егорьевска в Коломну можно проехать двумя способами. Рассмотри рисунок и ответь на вопрос: на сколько километров один путь короче другого? Запиши решение и ответ.,1) 19 + 20 + 18 = 57 км – длина первого пути2) 48 км – длина второго пути3) 57 – 48 = 9 км на столько первый путь длиннее второго,1)19+20+18=57 км 2)57−48=9 км,0,0,0,9,9,1,0,0,1,1,-1
34773,Из Егорьевска в Коломну можно проехать двумя способами. Рассмотри рисунок и ответь на вопрос: на сколько километров один путь короче другого? Запиши решение и ответ.,1) 19 + 20 + 18 = 57 км – длина первого пути2) 48 км – длина второго пути3) 57 – 48 = 9 км на столько первый путь длиннее второго,18 + 20 + 19 = 57 (км.) — длина первого пути 48 (км.) — длина второго пути 57 — 48 = 9 (км.),0,0,0,9,9,1,0,0,1,1,-1
134814,Из Егорьевска в Коломну можно проехать двумя способами. Рассмотри рисунок и ответь на вопрос: на сколько километров один путь короче другого? Запиши решение и ответ.,1) 19 + 20 + 18 = 57 км – длина первого пути2) 48 км – длина второго пути3) 57 – 48 = 9 км на столько первый путь длиннее второго,"19+20+18=57, и 57−48=9",0,0,0,9,9,1,0,0,1,1,-1
37582,Из Егорьевска в Коломну можно проехать двумя способами. Рассмотри рисунок и ответь на вопрос: на сколько километров один путь короче другого? Запиши решение и ответ.,1) 19 + 20 + 18 = 57 км – длина первого пути2) 48 км – длина второго пути3) 57 – 48 = 9 км на столько первый путь длиннее второго,18+20+19=57 57-48=9,0,0,0,9,7,0,1,1,0,0,0
141766,Из Егорьевска в Коломну можно проехать двумя способами. Рассмотри рисунок и ответь на вопрос: на сколько километров один путь короче другого? Запиши решение и ответ.,1) 19 + 20 + 18 = 57 км – длина первого пути2) 48 км – длина второго пути3) 57 – 48 = 9 км на столько первый путь длиннее второго,19+20+48=87(км)-первый путь 19+20+48=87(км)-второй путь 87-87=0,0,0,0,9,0,0,1,1,0,0,-1
106771,Из Егорьевска в Коломну можно проехать двумя способами. Рассмотри рисунок и ответь на вопрос: на сколько километров один путь короче другого? Запиши решение и ответ.,1) 19 + 20 + 18 = 57 км – длина первого пути2) 48 км – длина второго пути3) 57 – 48 = 9 км на столько первый путь длиннее второго,19+20+18=57,0,0,0,9,57,0,1,1,0,0,-1
123625,Из Егорьевска в Коломну можно проехать двумя способами. Рассмотри рисунок и ответь на вопрос: на сколько километров один путь короче другого? Запиши решение и ответ.,1) 19 + 20 + 18 = 57 км – длина первого пути2) 48 км – длина второго пути3) 57 – 48 = 9 км на столько первый путь длиннее второго,1)19+20+18=57(км) 2)57−48=9(км),0,0,0,9,9,1,0,0,1,1,-1
36465,Из Егорьевска в Коломну можно проехать двумя способами. Рассмотри рисунок и ответь на вопрос: на сколько километров один путь короче другого? Запиши решение и ответ.,1) 19 + 20 + 18 = 57 км – длина первого пути2) 48 км – длина второго пути3) 57 – 48 = 9 км на столько первый путь длиннее второго,1)19+20=39 км 2) 39+18=57 км- один путь 48 км- второй путь 3) 57-48=9 км- на столько километров один путь короче другого пути,0,0,0,9,9,1,0,0,1,2,2
53270,Из Егорьевска в Коломну можно проехать двумя способами. Рассмотри рисунок и ответь на вопрос: на сколько километров один путь короче другого? Запиши решение и ответ.,1) 19 + 20 + 18 = 57 км – длина первого пути2) 48 км – длина второго пути3) 57 – 48 = 9 км на столько первый путь длиннее второго,57−18=11,0,0,0,9,11,0,1,1,0,0,-1
74912,Из Егорьевска в Коломну можно проехать двумя способами. Рассмотри рисунок и ответь на вопрос: на сколько километров один путь короче другого? Запиши решение и ответ.,1) 19 + 20 + 18 = 57 км – длина первого пути2) 48 км – длина второго пути3) 57 – 48 = 9 км на столько первый путь длиннее второго,19+20+18=57,0,0,0,9,48,0,1,1,0,0,-1
128604,Из Егорьевска в Коломну можно проехать двумя способами. Рассмотри рисунок и ответь на вопрос: на сколько километров один путь короче другого? Запиши решение и ответ.,1) 19 + 20 + 18 = 57 км – длина первого пути2) 48 км – длина второго пути3) 57 – 48 = 9 км на столько первый путь длиннее второго,19+20+18=57 57-48=9,0,0,0,9,9,1,0,0,1,1,-1
112219,Из Егорьевска в Коломну можно проехать двумя способами. Рассмотри рисунок и ответь на вопрос: на сколько километров один путь короче другого? Запиши решение и ответ.,1) 19 + 20 + 18 = 57 км – длина первого пути2) 48 км – длина второго пути3) 57 – 48 = 9 км на столько первый путь длиннее второго,20+19=39 20+18=38 39+38=78,0,0,0,9,78,0,1,1,0,0,-1
24685,Из Егорьевска в Коломну можно проехать двумя способами. Рассмотри рисунок и ответь на вопрос: на сколько километров один путь короче другого? Запиши решение и ответ.,1) 19 + 20 + 18 = 57 км – длина первого пути2) 48 км – длина второго пути3) 57 – 48 = 9 км на столько первый путь длиннее второго,1) 19 + 20 + 18 = 57 км – длина первого пути 2) 48 км – длина второго пути 3) 57 – 48 = 9 км на столько первый путь длиннее второго,0,0,0,9,32,0,1,1,0,0,0
105869,Из Егорьевска в Коломну можно проехать двумя способами. Рассмотри рисунок и ответь на вопрос: на сколько километров один путь короче другого? Запиши решение и ответ.,1) 19 + 20 + 18 = 57 км – длина первого пути2) 48 км – длина второго пути3) 57 – 48 = 9 км на столько первый путь длиннее второго,,,,,9,9,1,0,0,1,1,-1
7372,Из Егорьевска в Коломну можно проехать двумя способами. Рассмотри рисунок и ответь на вопрос: на сколько километров один путь короче другого? Запиши решение и ответ.,1) 19 + 20 + 18 = 57 км – длина первого пути2) 48 км – длина второго пути3) 57 – 48 = 9 км на столько первый путь длиннее второго,18+20+19-48=9(км) - второй путь короче,0,0,0,9,9,1,0,0,1,1,-1
69203,Из Егорьевска в Коломну можно проехать двумя способами. Рассмотри рисунок и ответь на вопрос: на сколько километров один путь короче другого? Запиши решение и ответ.,1) 19 + 20 + 18 = 57 км – длина первого пути2) 48 км – длина второго пути3) 57 – 48 = 9 км на столько первый путь длиннее второго,1) 19+20=39 (км) 2) 39+18=57 (км) 3) 57(км)>48(км) 4) 57−48=9(км),0,0,0,9,9,1,0,0,1,1,-1
12629,Из Егорьевска в Коломну можно проехать двумя способами. Рассмотри рисунок и ответь на вопрос: на сколько километров один путь короче другого? Запиши решение и ответ.,1) 19 + 20 + 18 = 57 км – длина первого пути2) 48 км – длина второго пути3) 57 – 48 = 9 км на столько первый путь длиннее второго,,,,,9,9,1,0,0,1,1,-1
166444,Из Егорьевска в Коломну можно проехать двумя способами. Рассмотри рисунок и ответь на вопрос: на сколько километров один путь короче другого? Запиши решение и ответ.,1) 19 + 20 + 18 = 57 км – длина первого пути2) 48 км – длина второго пути3) 57 – 48 = 9 км на столько первый путь длиннее второго,1) 19+20+18=57(первый путь) 2) 57-48=9(второй путь),0,0,0,9,9,1,0,0,1,1,-1
25382,Из Егорьевска в Коломну можно проехать двумя способами. Рассмотри рисунок и ответь на вопрос: на сколько километров один путь короче другого? Запиши решение и ответ.,1) 19 + 20 + 18 = 57 км – длина первого пути2) 48 км – длина второго пути3) 57 – 48 = 9 км на столько первый путь длиннее второго,18+20+19=57 57-48=9,0,0,0,9,9,1,0,0,1,1,-1
61865,Из Егорьевска в Коломну можно проехать двумя способами. Рассмотри рисунок и ответь на вопрос: на сколько километров один путь короче другого? Запиши решение и ответ.,1) 19 + 20 + 18 = 57 км – длина первого пути2) 48 км – длина второго пути3) 57 – 48 = 9 км на столько первый путь длиннее второго,19+20+18-48=9 км.,0,0,0,9,9,1,0,0,1,2,2
30079,Из Егорьевска в Коломну можно проехать двумя способами. Рассмотри рисунок и ответь на вопрос: на сколько километров один путь короче другого? Запиши решение и ответ.,1) 19 + 20 + 18 = 57 км – длина первого пути2) 48 км – длина второго пути3) 57 – 48 = 9 км на столько первый путь длиннее второго,,,,,9,,0,0,1,0,0,-1
111799,Из Егорьевска в Коломну можно проехать двумя способами. Рассмотри рисунок и ответь на вопрос: на сколько километров один путь короче другого? Запиши решение и ответ.,1) 19 + 20 + 18 = 57 км – длина первого пути2) 48 км – длина второго пути3) 57 – 48 = 9 км на столько первый путь длиннее второго,1) 20+18+19=57км 2)57−48=9км,0,0,0,9,9,1,0,0,1,1,-1
96249,Из Егорьевска в Коломну можно проехать двумя способами. Рассмотри рисунок и ответь на вопрос: на сколько километров один путь короче другого? Запиши решение и ответ.,1) 19 + 20 + 18 = 57 км – длина первого пути2) 48 км – длина второго пути3) 57 – 48 = 9 км на столько первый путь длиннее второго,1)18+20+19=57(км) 2)57−48=9(км)первый путь короче второго,0,0,0,9,9,1,0,0,1,1,-1
168019,Из Егорьевска в Коломну можно проехать двумя способами. Рассмотри рисунок и ответь на вопрос: на сколько километров один путь короче другого? Запиши решение и ответ.,1) 19 + 20 + 18 = 57 км – длина первого пути2) 48 км – длина второго пути3) 57 – 48 = 9 км на столько первый путь длиннее второго,1) 19+20+18=57(км)-первый путь 2) 57-48=на 9 (км),0,0,0,9,9,1,0,0,1,1,-1
68048,Из Егорьевска в Коломну можно проехать двумя способами. Рассмотри рисунок и ответь на вопрос: на сколько километров один путь короче другого? Запиши решение и ответ.,1) 19 + 20 + 18 = 57 км – длина первого пути2) 48 км – длина второго пути3) 57 – 48 = 9 км на столько первый путь длиннее второго,19+20+18=57 57−48=9,0,0,0,9,9,1,0,0,1,1,-1
122408,Из Егорьевска в Коломну можно проехать двумя способами. Рассмотри рисунок и ответь на вопрос: на сколько километров один путь короче другого? Запиши решение и ответ.,1) 19 + 20 + 18 = 57 км – длина первого пути2) 48 км – длина второго пути3) 57 – 48 = 9 км на столько первый путь длиннее второго,1й путь-48 км 2й путь-19+20+18=57км 57-48=9км На 9 км один путь короче другого,0,0,0,9,9,1,0,0,1,1,-1
24813,Из Егорьевска в Коломну можно проехать двумя способами. Рассмотри рисунок и ответь на вопрос: на сколько километров один путь короче другого? Запиши решение и ответ.,1) 19 + 20 + 18 = 57 км – длина первого пути2) 48 км – длина второго пути3) 57 – 48 = 9 км на столько первый путь длиннее второго,18+21+19=57 57−48=9,0,0,0,9,9,1,0,0,1,1,-1
9785,Из Егорьевска в Коломну можно проехать двумя способами. Рассмотри рисунок и ответь на вопрос: на сколько километров один путь короче другого? Запиши решение и ответ.,1) 19 + 20 + 18 = 57 км – длина первого пути2) 48 км – длина второго пути3) 57 – 48 = 9 км на столько первый путь длиннее второго,19+20+18=57 км 57-48=9 км,0,0,0,9,9,1,0,0,1,2,2
36004,Из Егорьевска в Коломну можно проехать двумя способами. Рассмотри рисунок и ответь на вопрос: на сколько километров один путь короче другого? Запиши решение и ответ.,1) 19 + 20 + 18 = 57 км – длина первого пути2) 48 км – длина второго пути3) 57 – 48 = 9 км на столько первый путь длиннее второго,18+20+19=57; 57-48=9,0,0,0,9,9,1,0,0,1,1,-1
44711,Из Егорьевска в Коломну можно проехать двумя способами. Рассмотри рисунок и ответь на вопрос: на сколько километров один путь короче другого? Запиши решение и ответ.,1) 19 + 20 + 18 = 57 км – длина первого пути2) 48 км – длина второго пути3) 57 – 48 = 9 км на столько первый путь длиннее второго,18+19+20=57 57-48=9,0,0,0,9,9,1,0,0,1,2,2
100052,Из Егорьевска в Коломну можно проехать двумя способами. Рассмотри рисунок и ответь на вопрос: на сколько километров один путь короче другого? Запиши решение и ответ.,1) 19 + 20 + 18 = 57 км – длина первого пути2) 48 км – длина второго пути3) 57 – 48 = 9 км на столько первый путь длиннее второго,(19+20+18)−48=9,0,0,0,9,9,1,0,0,1,1,-1
16953,Из Егорьевска в Коломну можно проехать двумя способами. Рассмотри рисунок и ответь на вопрос: на сколько километров один путь короче другого? Запиши решение и ответ.,1) 19 + 20 + 18 = 57 км – длина первого пути2) 48 км – длина второго пути3) 57 – 48 = 9 км на столько первый путь длиннее второго,,,,,9,9,1,0,0,1,1,-1
150060,Из Егорьевска в Коломну можно проехать двумя способами. Рассмотри рисунок и ответь на вопрос: на сколько километров один путь короче другого? Запиши решение и ответ.,1) 19 + 20 + 18 = 57 км – длина первого пути2) 48 км – длина второго пути3) 57 – 48 = 9 км на столько первый путь длиннее второго,19+20+18=57(КМ) 57−48=9(КМ),0,0,0,9,9,1,0,0,1,1,-1
21047,Из Егорьевска в Коломну можно проехать двумя способами. Рассмотри рисунок и ответь на вопрос: на сколько километров один путь короче другого? Запиши решение и ответ.,1) 19 + 20 + 18 = 57 км – длина первого пути2) 48 км – длина второго пути3) 57 – 48 = 9 км на столько первый путь длиннее второго,18+20+19=57 57-48=9,0,0,0,9,9,1,0,0,1,1,-1
11264,Из Егорьевска в Коломну можно проехать двумя способами. Рассмотри рисунок и ответь на вопрос: на сколько километров один путь короче другого? Запиши решение и ответ.,1) 19 + 20 + 18 = 57 км – длина первого пути2) 48 км – длина второго пути3) 57 – 48 = 9 км на столько первый путь длиннее второго,,,,,9,9,1,0,0,1,1,-1
107633,Из Егорьевска в Коломну можно проехать двумя способами. Рассмотри рисунок и ответь на вопрос: на сколько километров один путь короче другого? Запиши решение и ответ.,1) 19 + 20 + 18 = 57 км – длина первого пути2) 48 км – длина второго пути3) 57 – 48 = 9 км на столько первый путь длиннее второго,1) 19+20 = 39 (км) от Егорьевска до Песков 2) 39+18 = 57 (км) первым путём от Егорьевска до Коломны 3) 57-48 = 9 (км),0,0,0,9,9,1,0,0,1,1,-1
138888,Из Егорьевска в Коломну можно проехать двумя способами. Рассмотри рисунок и ответь на вопрос: на сколько километров один путь короче другого? Запиши решение и ответ.,1) 19 + 20 + 18 = 57 км – длина первого пути2) 48 км – длина второго пути3) 57 – 48 = 9 км на столько первый путь длиннее второго,1)18+20+19=57(км) по другому пути 2)57-48=9 км разница,0,0,0,9,9,1,0,0,1,1,-1
143712,Из Егорьевска в Коломну можно проехать двумя способами. Рассмотри рисунок и ответь на вопрос: на сколько километров один путь короче другого? Запиши решение и ответ.,1) 19 + 20 + 18 = 57 км – длина первого пути2) 48 км – длина второго пути3) 57 – 48 = 9 км на столько первый путь длиннее второго,57−48=9,0,0,0,9,9,1,0,0,1,1,-1
7863,Из Егорьевска в Коломну можно проехать двумя способами. Рассмотри рисунок и ответь на вопрос: на сколько километров один путь короче другого? Запиши решение и ответ.,1) 19 + 20 + 18 = 57 км – длина первого пути2) 48 км – длина второго пути3) 57 – 48 = 9 км на столько первый путь длиннее второго,1) 19 + 20 + 18 = 57 км – длина первого пути 2) 48 км – длина второго пути 3) 57 – 48 = 9 км на столько первый путь длиннее второго,0,0,0,9,,0,0,1,0,0,0
60398,Из Егорьевска в Коломну можно проехать двумя способами. Рассмотри рисунок и ответь на вопрос: на сколько километров один путь короче другого? Запиши решение и ответ.,1) 19 + 20 + 18 = 57 км – длина первого пути2) 48 км – длина второго пути3) 57 – 48 = 9 км на столько первый путь длиннее второго,,,,,9,9,1,0,0,1,1,-1
127822,Из Егорьевска в Коломну можно проехать двумя способами. Рассмотри рисунок и ответь на вопрос: на сколько километров один путь короче другого? Запиши решение и ответ.,1) 19 + 20 + 18 = 57 км – длина первого пути2) 48 км – длина второго пути3) 57 – 48 = 9 км на столько первый путь длиннее второго,19+20+18=57−48=9,0,0,0,9,9,1,0,0,1,1,-1
4081,Из Егорьевска в Коломну можно проехать двумя способами. Рассмотри рисунок и ответь на вопрос: на сколько километров один путь короче другого? Запиши решение и ответ.,1) 19 + 20 + 18 = 57 км – длина первого пути2) 48 км – длина второго пути3) 57 – 48 = 9 км на столько первый путь длиннее второго,1) 20+19+18=57(км) 2)57-48= 9(км),0,0,0,9,9,1,0,0,1,1,-1
88765,Из Егорьевска в Коломну можно проехать двумя способами. Рассмотри рисунок и ответь на вопрос: на сколько километров один путь короче другого? Запиши решение и ответ.,1) 19 + 20 + 18 = 57 км – длина первого пути2) 48 км – длина второго пути3) 57 – 48 = 9 км на столько первый путь длиннее второго,18+20+19=57 58−48=9,0,0,0,9,9,1,0,0,1,1,-1
22903,Из Егорьевска в Коломну можно проехать двумя способами. Рассмотри рисунок и ответь на вопрос: на сколько километров один путь короче другого? Запиши решение и ответ.,1) 19 + 20 + 18 = 57 км – длина первого пути2) 48 км – длина второго пути3) 57 – 48 = 9 км на столько первый путь длиннее второго,,,,,9,,0,0,1,0,0,-1
175990,Из Егорьевска в Коломну можно проехать двумя способами. Рассмотри рисунок и ответь на вопрос: на сколько километров один путь короче другого? Запиши решение и ответ.,1) 19 + 20 + 18 = 57 км – длина первого пути2) 48 км – длина второго пути3) 57 – 48 = 9 км на столько первый путь длиннее второго,20+18+19=57 57-48=9,0,0,0,9,9,1,0,0,1,1,-1
20445,Из Егорьевска в Коломну можно проехать двумя способами. Рассмотри рисунок и ответь на вопрос: на сколько километров один путь короче другого? Запиши решение и ответ.,1) 19 + 20 + 18 = 57 км – длина первого пути2) 48 км – длина второго пути3) 57 – 48 = 9 км на столько первый путь длиннее второго,19+20+18=57 57−48=9,0,0,0,9,9,1,0,0,1,1,-1
37503,Из Егорьевска в Коломну можно проехать двумя способами. Рассмотри рисунок и ответь на вопрос: на сколько километров один путь короче другого? Запиши решение и ответ.,1) 19 + 20 + 18 = 57 км – длина первого пути2) 48 км – длина второго пути3) 57 – 48 = 9 км на столько первый путь длиннее второго,57−48=9,0,0,0,9,9,1,0,0,1,1,-1
1962,Из Егорьевска в Коломну можно проехать двумя способами. Рассмотри рисунок и ответь на вопрос: на сколько километров один путь короче другого? Запиши решение и ответ.,1) 19 + 20 + 18 = 57 км – длина первого пути2) 48 км – длина второго пути3) 57 – 48 = 9 км на столько первый путь длиннее второго,19+20+18=57 57-48=9,0,0,0,9,9,1,0,0,1,1,-1
7654,Из Егорьевска в Коломну можно проехать двумя способами. Рассмотри рисунок и ответь на вопрос: на сколько километров один путь короче другого? Запиши решение и ответ.,1) 19 + 20 + 18 = 57 км – длина первого пути2) 48 км – длина второго пути3) 57 – 48 = 9 км на столько первый путь длиннее второго,,,,,9,,0,0,1,0,0,-1
14083,Из Егорьевска в Коломну можно проехать двумя способами. Рассмотри рисунок и ответь на вопрос: на сколько километров один путь короче другого? Запиши решение и ответ.,1) 19 + 20 + 18 = 57 км – длина первого пути2) 48 км – длина второго пути3) 57 – 48 = 9 км на столько первый путь длиннее второго,(18+20+19)-48=9,0,0,0,9,9,1,0,0,1,1,-1
84543,Из Егорьевска в Коломну можно проехать двумя способами. Рассмотри рисунок и ответь на вопрос: на сколько километров один путь короче другого? Запиши решение и ответ.,1) 19 + 20 + 18 = 57 км – длина первого пути2) 48 км – длина второго пути3) 57 – 48 = 9 км на столько первый путь длиннее второго,19+20+18=57 57−48=9,0,0,0,9,9,1,0,0,1,1,-1
80496,Из Егорьевска в Коломну можно проехать двумя способами. Рассмотри рисунок и ответь на вопрос: на сколько километров один путь короче другого? Запиши решение и ответ.,1) 19 + 20 + 18 = 57 км – длина первого пути2) 48 км – длина второго пути3) 57 – 48 = 9 км на столько первый путь длиннее второго,,,,,9,,0,0,1,0,0,-1
108477,Из Егорьевска в Коломну можно проехать двумя способами. Рассмотри рисунок и ответь на вопрос: на сколько километров один путь короче другого? Запиши решение и ответ.,1) 19 + 20 + 18 = 57 км – длина первого пути2) 48 км – длина второго пути3) 57 – 48 = 9 км на столько первый путь длиннее второго,18+20+19=57 57−48=9,0,0,0,9,9,1,0,0,1,1,-1
104684,Из Егорьевска в Коломну можно проехать двумя способами. Рассмотри рисунок и ответь на вопрос: на сколько километров один путь короче другого? Запиши решение и ответ.,1) 19 + 20 + 18 = 57 км – длина первого пути2) 48 км – длина второго пути3) 57 – 48 = 9 км на столько первый путь длиннее второго,,,,,9,9,1,0,0,0,0,-1
